-- The ids in this file are not used in production
-- TODO: Create insert statements without hardcoded ids

insert into category (id, name, number, "shortName")
values  ('a6703b49-a3a1-4277-b5db-15465fa0ead9', 'Landing Page', 'A1', 'Landing Page'),
        ('ab7114f5-2a26-4ea5-b630-434993edb36c', 'Security Best Practices', 'A2', 'Best Practices'),
        ('3d27c0f9-fd24-4e9e-93a9-429819a89bb5', 'Baseline', 'B1', 'Baseline'),
        ('f910acbc-7c91-4843-b4cf-4d4785cba1e5', 'Identity and Access Management', 'C1', 'IAM'),
        ('e7a70e87-c538-42ba-ae13-795e44f12558', 'Device Configuration and Security', 'C2', 'Devices'),
        ('ffe52404-90b6-485d-a0ce-8c2156d15bda', 'Data Security', 'C3', 'Data'),
        ('28f9736f-56b7-46e2-a101-f4ea3aff1551', 'Governance and Training', 'C4', 'Governance'),
        ('6f8ca41c-9d0d-4133-ad9f-9e5865d541e3', 'Vulnerability Management', 'C5', 'VM'),
        ('98747c2c-a790-41a0-8d5a-c6d36ef2f69d', 'Supply Chain Risk Management', 'C6', 'SCRM'),
        ('0112fb94-7dd4-401b-9d68-416c50cb5fa4', 'Incident Response', 'C7', 'IR');

insert into question (id, name, "longForm", number, "categoryId", description)
values  ('1811efa9-d1b7-414a-85f8-715f424a50be', 'u_it_org_size', 'Select the option that best matches your organization based on number of Information Technology (IT) personnel supporting you. Include partially and fully dedicate staff and IT personnel contracted through a Managed Service Provider (MSP).', 'A1.1', 'a6703b49-a3a1-4277-b5db-15465fa0ead9', null),
        ('783fcdfb-62b5-4504-af6d-8149f51a212c', 'u_pw_different', 'Are your work passwords different from your personal passwords?', 'A2.1', 'ab7114f5-2a26-4ea5-b630-434993edb36c', null),
        ('aeddc61b-85b9-4830-8929-f33bdda6520e', 'u_pw_strong', 'Are your work passwords strong passwords? ', 'A2.2', 'ab7114f5-2a26-4ea5-b630-434993edb36c', 'Strong passwords are longer than 8 characters, a combination of numbers, letters, and characters, with at least one capital and lower case letter'),
        ('afc5d75e-b275-44dd-b9a5-bd76d3d757c5', 'u_mfa_enabled', 'Do you have multi-factor authentication enabled on your work computers and systems? ', 'A2.3', 'ab7114f5-2a26-4ea5-b630-434993edb36c', 'Multi-Factor Authentication (MFA) is a layered approach to securing data and applications where a system requires a user to present a combination of two or more credentials to verify a user’s identity for login.'),
        ('78d7b1d1-41d9-404a-be82-6f0ff2a5368b', 'u_backup_data', 'Do you regularly back up your important work data? ', 'A2.4', 'ab7114f5-2a26-4ea5-b630-434993edb36c', null),
        ('b46cde93-9db5-4e08-abc8-112a09a24072', 'u_backup_method', 'What methods do you use to backup your data?', 'A2.5', 'ab7114f5-2a26-4ea5-b630-434993edb36c', null),
        ('9753c638-b919-4372-ab18-0be75c71aaa1', 'u_backup_auto', 'Do you enable automatic backups?', 'A2.6', 'ab7114f5-2a26-4ea5-b630-434993edb36c', null),
        ('ece62708-d510-4b7d-8c58-81db3ad64359', 'u_backup_access', 'Can you quickly access your data backups?', 'A2.7', 'ab7114f5-2a26-4ea5-b630-434993edb36c', null),
        ('bca23a05-be4a-4dc6-bb8b-508aa2bd15da', 'u_device_type', 'What type of information technology (IT) devices do you use for work?', 'A2.8', 'ab7114f5-2a26-4ea5-b630-434993edb36c', null),
        ('35621090-a47f-4d51-87c2-e4789e9732dc', 'u_security_features', 'Do you have any of the following security features enabled?\n\nScreen to auto-lock after a period of inactivity\nPIN code, passcode, fingerprint, face ID (or other biometric) to access your device\nFind my device (for Apple devices)\nPlay protect (for Android devices)', 'A2.9', 'ab7114f5-2a26-4ea5-b630-434993edb36c', null),
        ('299ba8c3-8da5-4a80-8203-248ac20de2b2', 'u_fw_av', 'Do you use a combination of firewall and antivirus on your work computers?', 'A2.10', 'ab7114f5-2a26-4ea5-b630-434993edb36c', 'Firewall and antivirus are security features that are built into Windows and macOS, and can be found in your computer''s settings. You can also choose to buy these products from a third party.'),
        ('5a7e4828-0a24-49d0-a349-f54cb8766dcb', 'u_device_config', 'Do you have device configuration policies and controls in place to manage the security, provisioning, and deployment of devices across the organization?', 'B1.2', '3d27c0f9-fd24-4e9e-93a9-429819a89bb5', 'Configuration: The possible conditions, parameters, and specifications with which an information system or system component can be described or arranged.'),
        ('9a9bece5-f5a6-4c81-bd8d-57413479791f', 'u_cia_data', 'Do you have security controls and monitoring in place to protect the Confidentiality, Integrity, and Availability (CIA) of data?', 'B1.3', '3d27c0f9-fd24-4e9e-93a9-429819a89bb5', 'The CIA triad is a widely used information security model that can guide an organization’s efforts and policies aimed at keeping its data secure. The initials stand for the three principles on which information security rests: - Confidentiality: Only authorized users and processes should be able to access or modify data - Integrity: Data should be maintained in a correct state and nobody should be able to improperly modify it, either accidentally or maliciously - Availability: Authorized users should be able to access data whenever they need to do so'),
        ('5682cb24-6ac6-4668-b52b-9cd828edd793', 'u_governance_training', 'Does your organization develop and practice information security governance across the organization and provide cybersecurity training for all employees?', 'B1.4', '3d27c0f9-fd24-4e9e-93a9-429819a89bb5', 'Security governance: a process for overseeing the cybersecurity teams who are responsible for mitigating business risks. Security governance leaders make the decisions that allow risks to be prioritized so that security efforts are focused on business priorities rather than their own.'),
        ('10c4611b-d0b6-4526-9891-6c581dd1ba14', 'u_vul_management', 'Does your organization have a process for Vulnerability Management?', 'B1.5', '3d27c0f9-fd24-4e9e-93a9-429819a89bb5', 'Vulnerability Management: the process of continuously identifying, evaluating, treating, and reporting the weaknesses in a system that could be exploited by a threat actor'),
        ('66bdbc6d-0c99-49f2-8559-b9d4ff3c5f9d', 'u_supply_chain_risk', 'Do you have a Supply Chain Risk Management process, or is risk management a consideration in your Supply Chain Management process?', 'B1.6', '3d27c0f9-fd24-4e9e-93a9-429819a89bb5', 'Supply Chain Risk Management (SCRM): A systematic process for managing cyber supply chain risk exposures, threats, and vulnerabilities throughout the supply chain and developing risk response strategies to the risks presented by the supplier, the supplied products and services, or the supply chain.'),
        ('b008d7da-0750-430a-9382-e55a4d5a54a2', 'u_inc_response_plan', 'Do you have an Incident Response and Recovery plan?', 'B1.7', '3d27c0f9-fd24-4e9e-93a9-429819a89bb5', 'Incident Response Plan: A set of predetermined and documented procedures to detect and respond to a cyber incident.'),
        ('6e3597e4-711e-431e-af27-360a93b12075', 'u_physical_security', 'Does your organization ensure physical and environmental security controls are in place to protect IT and OT environments?', 'C1.1', 'f910acbc-7c91-4843-b4cf-4d4785cba1e5', 'Physical security controls are designed to prevent unauthorized access to facilities, equipment, and resources, and to protect personnel and property from damage or harm.'),
        ('04fe1fec-17b9-4030-9d35-ddeb97c0564e', 'u_network_seg', 'Do you segregate networks and systems where feasible to reduce the risk of unauthorized access to critical systems?', 'C1.2', 'f910acbc-7c91-4843-b4cf-4d4785cba1e5', 'Network segregation involves partitioning a network into smaller parts to limit access to specific data, thereby enhancing security.'),
        ('e03fa911-e005-40f0-91b1-89bc95a80c16', 'u_data_encryption', 'Do you utilize encryption for data at rest and in transit to protect the confidentiality and integrity of sensitive information?', 'C1.3', 'f910acbc-7c91-4843-b4cf-4d4785cba1e5', 'Data encryption converts data into another form, or code, so that only people with access to a secret key or password can read it.'),
        ('93367ba3-e2a9-411c-b88b-f3e6ed7bdafc', 'u_backup_testing', 'Do you regularly test backup and recovery procedures to ensure they are effective and functional?', 'C1.4', 'f910acbc-7c91-4843-b4cf-4d4785cba1e5', 'Testing backup and recovery procedures ensures that data can be recovered after it is lost due to data deletion or corruption.'),
        ('599a1e3d-fd3c-44d0-9e1d-af65b4568798', 'u_iam_security', 'Does your organization have security controls in place that appropriately identify, authenticate, and authorize users?', 'B1.1', '3d27c0f9-fd24-4e9e-93a9-429819a89bb5', null),
        ('b3021c18-17b5-4e5f-951a-14bc51d265d4', 'u_software_updates', 'Do you stay current on software updates?', 'A2.12', 'ab7114f5-2a26-4ea5-b630-434993edb36c', null),
        ('41fa9255-a610-4caf-adcd-4456ba0bee9e', 'u_reputable_software', 'Do you install apps and software from official and/or reputable sources?', 'A2.13', 'ab7114f5-2a26-4ea5-b630-434993edb36c', null),
        ('3ea0e865-d294-4b7c-8c03-2fa069d482ff', 'u_disable_svcs', 'Do you disable services not required for business purposes?', 'A2.11', 'ab7114f5-2a26-4ea5-b630-434993edb36c', null),
        ('dc9feb97-cf15-42bf-9fbb-331ab912999d', 'u_unique_svc_accounts', 'Do you ensure all credentials, including those for service/machine accounts, are unique and separate across IT and OT networks?', 'C1.6', 'f910acbc-7c91-4843-b4cf-4d4785cba1e5', 'Service account: "Non-human" account often used by an application or service to interact with the operating system.'),
        ('b2c34302-f1f6-4259-b81e-d964f4b3ef87', 'u_macros_disabled', 'Are Microsoft Office macros, or similar embedded code, disabled by default on all devices?', 'C2.2', 'e7a70e87-c538-42ba-ae13-795e44f12558', 'Microsoft Office Macros: A macro in Access is a tool that automates tasks and adds functionality to forms, reports, and controls. For example, when a command button is added to a form, the button’s OnClick event is associated with the macro.'),
        ('83707572-2d03-4ab2-bfc1-97688840e3ea', 'u_asset_inventory', 'Do you maintain a regularly updated inventory of all organizational assets with an IP address, and update the inventory on a recurring basis?', 'C2.3', 'e7a70e87-c538-42ba-ae13-795e44f12558', 'Inventory: The formal listing or property record of personal property assigned to an organization.'),
        ('b7ca1804-47da-48ae-a6c4-cefc6efdf7b9', 'u_prohibit_unauth_devices', 'Do you have policies and processes to prohibit the connection of unauthorized devices and media to IT and OT systems?', 'C2.4', 'e7a70e87-c538-42ba-ae13-795e44f12558', 'Information Technology (IT) and Operational Technology (OT): Detailed definitions and distinctions between IT and OT, emphasizing the prohibition of unauthorized devices.'),
        ('5945ebd9-aa61-4ec5-bd0b-29f94d34092d', 'u_basline_config_documents', 'Do you maintain accurate documentation describing the baseline and current configuration details of all critical IT and OT assets?', 'C2.6', 'e7a70e87-c538-42ba-ae13-795e44f12558', 'Baseline configurations: A documented set of specifications for an information system, or a configuration item within a system, that has been formally reviewed and agreed on at a given point in time, and which can be changed only through change control procedures. Detailed definitions of IT and OT included.'),
        ('1d6c432e-e4e8-4458-a912-052da05ae1f9', 'u_log_storage', 'Are logs stored in a secure, centralized system, such as a security information and event management (SIEM) tool?', 'C3.1', 'ffe52404-90b6-485d-a0ce-8c2156d15bda', 'Security information and event management (SIEM) tools: solutions which aggregate logs and allow users to create rules in order to detect, analyze, and respond to security threats. Logs: A record of the events occurring within an organization’s systems and networks.'),
        ('2c1c2e6c-c53b-420c-87a9-e60c00ff604f', 'u_log_storage_detect_resp', 'Do you collect and store logs for use of both detection and incident response activities?', 'C3.2', 'ffe52404-90b6-485d-a0ce-8c2156d15bda', 'Logs: A record of the events occurring within an organization’s systems and networks.'),
        ('1487b350-4b57-4127-8e62-73dd10d16f52', 'u_connect_deny_default', 'Do you ensure all connections between IT and OT assets are denied by default unless explicitly allowed, and are required to pass through an intermediary system, which is monitored and performs log collection?', 'C3.3', 'ffe52404-90b6-485d-a0ce-8c2156d15bda', 'Demilitarized Zone (DMZ), Firewall, IT, OT: Detailed definitions and importance of ensuring strict connectivity rules and monitoring.'),
        ('5fc2f8b9-82a9-43f2-8861-ff1bcdc92780', 'u_tls_enabled', 'Do you employ properly configured and up-to-date Transport Layer Security to protect data in transit whenever feasible?', 'C3.5', 'ffe52404-90b6-485d-a0ce-8c2156d15bda', 'Transport Layer Security (TLS) explanation and the importance of protecting data in transit.'),
        ('89c5e523-68a7-4eb0-b3d6-15b27cc0c348', 'u_email_tls_dkim', 'Do you implement STARTTLS, SPF, DKIM, and DMARC on all organizational email infrastructure?', 'C3.6', 'ffe52404-90b6-485d-a0ce-8c2156d15bda', 'Explanation of STARTTLS, SPF, DKIM, and DMARC for email security and their role in protecting against spoofed email.'),
        ('a01e2213-4488-41f5-beb3-a4cea95ab438', 'u_ttp_list', 'Do you maintain a regularly updated list of threats and their Tactics, Techniques, and Procedures (TTPs; for example, MITRE ATT&CK) relevant to your organization?', 'C3.7', 'ffe52404-90b6-485d-a0ce-8c2156d15bda', 'TTPs, The MITRE ATT&CK framework: Explaining the importance of understanding and updating the list of potential threats and their methodologies.'),
        ('108b8a5f-c49a-425c-8751-b3c46fdbd046', 'u_ot_cyber_training', 'Do you have training for operational technology (OT) cybersecurity?', 'C4.3', '28f9736f-56b7-46e2-a101-f4ea3aff1551', 'Operational Technology (OT): Programmable systems or devices that interact with the physical environment. Examples include ICSs, building management systems, fire control systems, and physical access control mechanisms. Importance of specialized cybersecurity training for OT.'),
        ('fd21a62b-a9e0-4580-abfb-202896d1bcab', 'u_kev_mitagation', 'Do you keep track of known exploited vulnerabilities (listed in CISA’s KEV Catalog) and ensure they are patched or mitigated in a timely fashion?', 'C5.1', '6f8ca41c-9d0d-4133-ad9f-9e5865d541e3', 'Known Exploitable Vulnerabilities (KEV) Catalog: A list of vulnerabilities that CISA has identified as being exploited, or that have been used by threat actors.'),
        ('aa67c5e9-18be-403c-80eb-cb948111e193', 'u_security_research_contact', 'Do you maintain a public, easily discoverable method (such as a security.txt file) for security researchers to notify your security team of vulnerable, misconfigured, or otherwise exploitable assets?', 'C5.2', '6f8ca41c-9d0d-4133-ad9f-9e5865d541e3', 'Vulnerability Disclosure Program: Gives security researchers clear guidelines for conducting vulnerability discovery activities and conveys preferences for submitting discovered vulnerabilities to an organization. security.txt file: a proposed standard for websites security information meant to allow security researchers to easily report security vulnerabilities.'),
        ('d00166fb-dc43-46cb-9451-1bc94b458f65', 'u_public_services_disabled', 'Do you ensure that no exploitable services, such as Remote Desktop Protocol (RDP), are exposed on the public internet without appropriate compensating controls?', 'C5.3', '6f8ca41c-9d0d-4133-ad9f-9e5865d541e3', 'Remote Desktop Protocol (RDP): Microsoft proprietary protocol explanation and the importance of not exposing exploitable services without compensating controls.'),
        ('62436990-569b-4d90-9399-96d4b7d738cf', 'u_no_public_devices', 'Do you ensure that no OT assets are on the public Internet, except where explicitly required for operation and protected by appropriate compensating controls?', 'C5.4', '6f8ca41c-9d0d-4133-ad9f-9e5865d541e3', 'Operational Technology (OT) explanation and the emphasis on protecting OT assets from public Internet exposure, except under protected conditions.'),
        ('36ce99c6-e0b7-4eb3-aba0-5146e36e3b2e', 'u_3rd_party_cyber_validation', 'Do third-parties with demonstrated expertise in (IT and/or OT) cybersecurity regularly validate the effectiveness and coverage of your cybersecurity defenses?', 'C5.5', '6f8ca41c-9d0d-4133-ad9f-9e5865d541e3', 'Explanation of the role of third-party validations in ensuring the effectiveness and coverage of cybersecurity defenses.'),
        ('2204f206-badd-4a63-b6ae-2cdea0c59281', 'u_security_inc_sla', 'Do your procurement documents and contracts require vendors and service providers to inform you of security incidents within a certain time frame?', 'C6.1', '98747c2c-a790-41a0-8d5a-c6d36ef2f69d', 'Procurement Documents: the paperwork detailing the contractual relationship between a customer and a supplier of goods or services'),
        ('58fc7484-a7c0-4466-96b3-e3002f75d462', 'u_security_vuln_sla', 'Do your procurement documents and contracts require vendors and service providers to inform you of security vulnerabilities within a certain time frame?', 'C6.2', '98747c2c-a790-41a0-8d5a-c6d36ef2f69d', 'Procurement Documents: the paperwork detailing the contractual relationship between a customer and a supplier of goods or services'),
        ('039788ab-787b-465f-938a-2e39a0bc6e98', 'u_vendor_eval_docs', 'Do your procurements documents outline cybersecurity requirements and questions that are used to evaluate vendors such that, given two roughly equivalent options based on cost and functionality, the more secure option is preferred?', 'C6.3', '98747c2c-a790-41a0-8d5a-c6d36ef2f69d', 'Procurement Documents: the paperwork detailing the contractual relationship between a customer and a supplier of goods or services'),
        ('e9c0cc1c-cc28-4486-ad3a-b3e07c1cdab1', 'u_cyber_incident_plan', 'Do you have up-to-date cybersecurity incident plans for both IT and OT, and are these Incident Response plans drilled at least annually?', 'C7.2', '0112fb94-7dd4-401b-9d68-416c50cb5fa4', 'Information Technology (IT) and Operational Technology (OT): Definitions and the importance of having incident response plans for both, including annual drills.'),
        ('d47d291e-e6c1-4218-8bc0-3208634eeaa7', 'u_separate_admin', 'Do you ensure all user and administrator or super-user accounts are kept separate and privileges are re-evaluated on a recurring basis?', 'C1.5', 'f910acbc-7c91-4843-b4cf-4d4785cba1e5', null),
        ('76178578-a6bd-4f59-ba8c-d97a2e69b125', 'u_departing_employee_return', 'Do you have an enforced process that ensures all departing employees return their physical security badges, tokens, etc. and have their accesses revoked on the day of their departure?', 'C1.7', 'f910acbc-7c91-4843-b4cf-4d4785cba1e5', null),
        ('eef28548-05d4-4488-a995-ec91c3cf5def', 'u_inc_reporting_policy', 'Do you have codified policies and procedures that specify to whom and how to report all confirmed cybersecurity incidents to the appropriate external authorities, within time frames directed by applicable regulatory guidance?', 'C7.3', '0112fb94-7dd4-401b-9d68-416c50cb5fa4', null),
        ('bcb54184-fdef-4e93-a692-fee364d90ff5', 'u_named_cyber_role', 'Does your organization have a named role/position/title identified as responsible and accountable for planning, resourcing, and execution of cybersecurity activities?', 'C4.1', '28f9736f-56b7-46e2-a101-f4ea3aff1551', null),
        ('94a69ee0-c1a7-4a71-bf48-0a1be3a64f05', 'u_hw_software_firmware_approval', 'Do you have administrative policies or automated processes that ensure all new hardware, firmware or software must be approved before being deployed?', 'C2.1', 'e7a70e87-c538-42ba-ae13-795e44f12558', null),
        ('556da22e-042f-4604-9d48-c166b7020fa3', 'u_regular_backups', 'Do you back up all business critical systems at a regular cadence, no less than once per year, and are these backups stored separately from the source systems?', 'C7.4', '0112fb94-7dd4-401b-9d68-416c50cb5fa4', null),
        ('dab23aeb-7d5c-49a8-b008-70f847e0e3ad', 'u_asset_recovery_plan', 'Do you have up-to-date plans to recover and restore assets in case of a cybersecurity incident?', 'C7.1', '0112fb94-7dd4-401b-9d68-416c50cb5fa4', null),
        ('98c335b1-6058-44de-bf88-c9f7761492b7', 'u_annual_cyber_training', 'Are all employees and contractors provided with basic cybersecurity training on at least an annual basis?', 'C4.2', '28f9736f-56b7-46e2-a101-f4ea3aff1551', null),
        ('d81fba8b-88e8-46f8-a5ed-e07a278dfd47', 'u_secure_credential_storage', 'Are sensitive data, including credentials, stored in a secure manner and only accessible to authenticated and authorized users?', 'C3.4', 'ffe52404-90b6-485d-a0ce-8c2156d15bda', null),
        ('36ffd0b8-2bdf-444f-bc5a-0d30297a1f01', 'u_network_diagrams', 'Do you maintain accurate documentation of network topology for all IT and OT networks?', 'C2.5', 'e7a70e87-c538-42ba-ae13-795e44f12558', 'Network topology is used to describe the physical and logical structure of a network. It maps the way different nodes on a network--including switches and routers--are placed and interconnected, as well as how data flows. Information Technology (IT): Any equipment or interconnected system or subsystem of equipment used in the automatic acquisition, storage, analysis, evaluation, manipulation, management, movement, control, display, switching, interchange, transmission, or reception of data or information. Operational Technology (OT): Programmable systems or devices that interact with the physical environment (or manage devices that interact with the physical environment). These systems/devices detect or cause a direct change through the monitoring and/or control of devices, processes, and events. Examples include ICSs, building management systems, fire control systems, and physical access control mechanisms.');

insert into resource (id, description, name, type, url)
values  ('3bd16e73-3d36-44b6-a18d-9dddd1eff04c', 'To prevent a security incident in one of your accounts from affecting all of your accounts, it''s important to use unique passwords. Check out this article to learn more.', 'Choosing and Protecting Passwords', 'article', 'https://www.cisa.gov/news-events/news/choosing-and-protecting-passwords'),
        ('81a3f49a-ef0a-4e50-ba62-4f7b27ebf9dc', 'As this short video will explain, a password is not enough. CISA strongly recommends that individuals and organizations implement multi-factor authentication to keep your accounts and data safe.', 'Secure Our World - Make Your Accounts Safe with Multifactor Authentication (MFA)', 'video', 'https://www.youtube.com/watch?v=XIlF2qkav5c'),
        ('06434aab-90c6-4157-96fb-c93cae6d9b6c', 'A great first step to securing user accounts is to learn how to choose strong passwords. Watch this short video from CISA to learn more.', 'Secure Our World - Keep Your Accounts Safe with Strong Passwords', 'video', 'https://www.youtube.com/watch?v=FZoB7yUGh7Y'),
        ('75148f9e-9220-4de4-8f45-f908c7793ad3', 'To ensure the availabilty of your data, it''s important to make regular backups.  This guidline from CISA outlines some options for how to backup your data.', 'Data Backup Options', 'publication', 'https://www.cisa.gov/sites/default/files/publications/data_backup_options.pdf'),
        ('9c16ead9-b896-455c-a027-9cf03f3f26a0', 'Establish regular automated backups and redundancies of key systems. Employ a backup solution that automatically and continuously backs up your business-critical data and system configurations. Regular backups protect against ransomware and malware attacks. Use on-site and remote backup methods to protect vulnerable information. ', 'Cyber Essentials Toolkit: Your Data', 'publication', 'https://www.cisa.gov/sites/default/files/publications/Cyber%20Essentials%20Toolkit%205%2020201015_508.pdf'),
        ('b97bd8f4-8532-4ac5-b223-2527c5cf3a7f', 'Keep your organization safe by ensuring you have policies and procedures to prevent unauthorized devices from connecting to your network. This article outlines the risks posed by portable devices.', 'The Risks of Portable Devices', 'publication', 'https://www.cisa.gov/sites/default/files/publications/RisksOfPortableDevices.pdf'),
        ('653992fd-552d-410a-962d-84f9e5b7513d', 'To keep your information secure, it''s important to ensure your devices have security features enabled. You should set your screen to auto-lock after a period of inactivity, and unlocking the device should require a PIN, Password, or Biometrics (such as a face ID or fingerprint). ', 'Are your mobile settings leaving you vulnerable?', 'video', 'https://www.youtube.com/watch?v=dvqBrfaTB0A'),
        ('c1e5379c-ff34-4768-b6df-2d8a5feb80da', 'Read this article to learn more about how Anti-virus software can identify and block many viruses before they can infect your computer.', 'Understanding Anti-virus software', 'article', 'https://www.cisa.gov/news-events/news/understanding-anti-virus-software'),
        ('1d849bea-b92b-4728-b3ef-ab4e540ab39d', 'Disabling services that you aren''t using is one step you can take to keep your data safe. This article about home network security explains why and provides some other simple recommendations.', 'Network Security', 'article', 'https://www.cisa.gov/news-events/news/home-network-security'),
        ('08d66cf6-7f80-4a8d-935c-990b01d7928e', 'Many software updates are created to fix security risks, so it''s important to keep your software up to date. Watch this short video to learn more.', 'Secure Our World - Stay Safe by Updating Your Software', 'video', 'https://www.youtube.com/watch?v=o1WsviOK9fE'),
        ('5bd2133a-d7e7-4acc-a7eb-3600d15b725c', 'This might mean only downloading from an official app store such as Apple App Store or Google Play, or researching the brand or checking its reviews first. For more details, read the Securing the Software Supply Chain Fact Sheet.', 'Securing the Software Supply Chain', 'publication', 'https://www.cisa.gov/sites/default/files/2023-01/esf_securing_the_software_supply_chain_customer_slicksheet.pdf'),
        ('ffea2967-90ce-4bb5-8cef-aa8aa604e516', 'Check out this post on CISA''s blog to get started securing network devices.', 'Securing Network Infrastructure Devices', 'blog', 'https://www.cisa.gov/news-events/news/securing-network-infrastructure-devices'),
        ('1cf21096-55a3-40a3-b9dc-19dad8d89997', 'If you''re ready to start securing your network, check out this article with some cybersecurity basics.', 'What is Cybersecurity?', 'article', 'https://www.cisa.gov/news-events/news/what-cybersecurity'),
        ('b1959a8f-42e8-43a0-9a3a-3789958cad55', 'For guidance on the importance of establishing security governance within your organization, take a look at the resources on the SAFECOM Governance page.', 'SAFECOM Governance Resources', 'resource', 'https://www.cisa.gov/safecom/governance'),
        ('c0b5d435-713c-45d6-9c0a-d0bb408308e0', 'To get started with Vulnerability Management, download this comprehensive guide.', 'Vulnerability Management', 'guide', 'https://www.cisa.gov/sites/default/files/publications/CRR_Resource_Guide-VM_0.pdf'),
        ('b370861c-6dcd-49e6-be52-a492dc7d6512', 'Watch this webinar to learn about the importance of Supply Chain Risk Management and get started implementing SCRM in your organization.', 'SCRM Webinar', 'video', 'https://www.youtube.com/watch?v=3Um_XY-Ahis'),
        ('17e3a66a-c388-4cc6-9768-92289e7891df', 'When incidents happen, your organization will recover faster if you already have a plan in place. Download this article to get started.', 'Incident Response Plan Basics', 'publication', 'https://www.cisa.gov/sites/default/files/publications/Incident-Response-Plan-Basics_508c.pdf'),
        ('9490f249-c22a-41d8-9d87-528bf7f6a690', 'Logging is an important part of any organization''s security posture. CISA has rolled out a new service that will make logging a breeze for your organization. Click the link to learn more!', 'Logging Made Easy (LME)', 'tool', 'https://www.cisa.gov/resources-tools/services/logging-made-easy'),
        ('eef77a37-1f96-4638-bd94-6c7556993761', 'It''s important to change the default passwords on all of your assets. Check out this list of other common "Bad Practices" that might be making it easier for attackers to target your organization.', 'Bad Practices', 'article', 'https://www.cisa.gov/news-events/news/bad-practices-0'),
        ('960ecfdb-9fb0-4ade-a0e2-0dce6d66b18c', 'Users should only have the minimum privileges necessary to do their work. This article explains the importance of separating accounts and the principle of "least privilege."', 'Defend Priveleges and Accounts', 'article', 'https://media.defense.gov/2019/Sep/09/2002180330/-1/-1/0/Defend%20Privileges%20and%20Accounts%20-%20Copy.pdf'),
        ('4538c026-6bc7-4e79-801d-263a371acb41', 'Employees who leave your organization should not have access to your organization''s data. Watch this webinar to learn more about departing employees and other potential insider threats.', 'A Holistic Approach to Mitigating Insider Threats', 'video', 'https://www.youtube.com/watch?v=IlNT0uJOZeg'),
        ('6b23fce8-7806-4f0a-ae13-cd7b6a5f4442', 'In order to keep your environment secure, you have to know what devices you have, how they''re configured, and have a defined process for any changes you need to make. Read this guide to Configuration and Change Management to get started.', 'Configuration and Change Management CRR', 'guide', 'https://www.cisa.gov/sites/default/files/c3vp/crr_resources_guides/CRR_Resource_Guide-CCM.pdf'),
        ('389ecd81-ddc0-4686-a4f9-076e7192f9b6', 'Many types of malware rely on embedded code, such as Microsoft Office macros. To keep your organization safe, these macros should be disabled by default. Read this article to learn more.', 'Macro Security For Microsoft Office', 'article', 'https://www.ncsc.gov.uk/guidance/macro-security-for-microsoft-office'),
        ('8f4757aa-6581-430a-b04d-a5a1b54c6cf4', 'What do you know about your internet attack surface? To make sure you know what''s accessible to attackers, check out CISA''s Stuff Off Search.', 'Stuff Off Search', 'resource', 'https://www.cisa.gov/resources-tools/resources/stuff-search'),
        ('31f4bd54-9244-4980-9b32-3dd14a8a3bca', 'To know what to protect, you need to know what you have. Check out this resource guide to creating an asset inventory.', 'Asset Inventory', 'guide', 'https://www.cisa.gov/sites/default/files/c3vp/crr_resources_guides/CRR_Resource_Guide-AM.pdf'),
        ('f97f5642-99fa-4d3e-a054-9e5c68c415a1', 'In order to keep your environment secure, you have to know what devices you have, how they''re configured, and have a defined process for any changes you need to make. Read this guide to Configuration and Change Management to get started.', 'Configuration and Change Management', 'guide', 'https://www.cisa.gov/sites/default/files/publications/CRR_Resource_Guide-CCM_0.pdf'),
        ('14d63cd4-6157-45d3-8ca3-f641221d4d77', 'Watch this webinar to learn about incident response tools.', 'Introduction to Incident Analysis and Tools', 'video', 'https://www.youtube.com/watch?v=0m7NN6yvsq0'),
        ('198b038a-7da0-4514-a250-720895f96065', 'Check out this infographic to learn more about layering network security through segmentation.', 'Layering Network Security through Segmentation Infographic', 'publication', 'https://www.cisa.gov/sites/default/files/publications/layering-network-security-segmentation_infographic_508_0.pdf'),
        ('a4d88d71-0800-4ff0-a72b-ff66f66ebfcc', 'To make sure that you are properly managing user identities and credentials, check out this guide.', 'Identity, Credential, and Access Management (ICAM) ', 'guide', 'https://www.cisa.gov/sites/default/files/2023-02/ICAM_Reference_Guide_FINAL_508.pdf'),
        ('e1b18c39-dba1-49a1-aafa-35d13560c454', 'To protect data in transit, check out this Guide from the Center for Internet Security.', 'Encypt Data in Transit', 'guide', 'https://essentialguide.docs.cisecurity.org/en/latest/bp/encrypt_data_in_transit.html'),
        ('f2a94060-613f-423d-aec8-48e5dd671e80', 'A significant portion of attacks against organizations come via email. Download this guide to CISA''s recommendations for enhancing email security to protect your organization.', 'Enhance Email and Web Security', 'guide', 'https://www.cisa.gov/sites/default/files/publications/CISAInsights-Cyber-EnhanceEmailandWebSecurity_S508C.pdf'),
        ('b511cf00-46ff-49c8-aaf9-2e9588038e7e', 'CISA regularly publishes alerts and adviseries to keep organizations informed about existing and potential threats.', 'CISA''s Alerts and Adversaries', 'alerts', 'https://www.cisa.gov/news-events/cybersecurity-advisories'),
        ('df562882-5e57-448b-9791-65b83683be95', 'To get started implementing a security culture at your organization, take a look at CISA''s Guidance for Small Organizations.', 'Cyber Guidance for Beginners', 'resource', 'https://www.cisa.gov/cyber-guidance-small-businesses'),
        ('ac7ee2fc-8af1-4224-a6be-6e1ffa98cf22', 'Did you know that CISA is on YouTube? Check out our channel for short educational videos like this one that you can use to train your employees and increase their security awareness.', 'Recognize and Report Phishing Video', 'video', 'https://www.youtube.com/watch?v=JlQovysQBn0'),
        ('4972099d-5e10-409c-98b1-604a3b01f268', 'Did you know that CISA provides virtual and in-person training sessions on a variety of topics? Visit CISA''s training page to learn more.', 'OT Training Sign Up', 'training', 'https://www.cisa.gov/resources-tools/training'),
        ('ad66cdb5-0b7c-4514-9c20-7720857ee805', 'CISA keeps a database on Known Exploited Vulnerabilities on our website. Check it out here.', 'Known Exploited Vulnerabilities', 'resource', 'https://www.cisa.gov/known-exploited-vulnerabilities-catalog'),
        ('b1108848-c4ce-4a92-ba62-7e4f4ba4760d', 'Visit https://securitytxt.org/ to learn about how you can create your owen security.txt file.', 'CISA VDP', 'service', 'https://www.cisa.gov/resources-tools/services/vulnerability-disclosure-policy-vdp-platform'),
        ('ebc559d0-b3cd-4d4a-af54-0a30b2bb407d', 'CISA''s Cyber Hygiene Web Application Scanning is "internet scanning-as-a-service." This service assesses the "health" of your publicly accessible web applications by checking for known vulnerabilities and weak configurations.', 'Web Application Scanning Service', 'article', 'https://www.cisa.gov/news-events/news/cyber-hygiene-web-application-scanning'),
        ('5b99e677-2d33-4b44-9b8e-c7f934f22dfc', 'Did you know that CISA offers several cyber hygiene services to help keep your organization safe? Visit the Vulnerability Scanning page today to take advantage of this free service.', 'Cyber Hygiene Vulnerability Scanning', 'resource', 'https://www.cisa.gov/cyber-resource-hub'),
        ('77b6a744-18df-473a-9f3f-df631bfd35f2', 'This service tests perimeter defenses by mimicking the techniques adversaries use to gain unauthorized access to networks', 'Remote Penetration Test Service', 'service', 'https://www.cisa.gov/stopransomware/services'),
        ('9496ae64-a746-4356-a628-4e686b71b975', 'Download CISA''s Third Party Risk Management template, so you can start making sure your third parties don''t pose unnecessary risk to your organization', 'Third Party Risk Management Template', 'publication', 'https://www.cisa.gov/sites/default/files/publications/ICTSCRMTF_Vendor-SCRM-Template_508.pdf'),
        ('4265d328-b69e-474f-b0df-73d8fa3d0eac', 'The ICT SCRM Task Force''s resource guide was created to provide a valuable starting point for you to develop and tailor an ICT SCRM plan that meets the needs of your organization.', 'A Resource Guide for developing a Resilient Supply Chain Risk Management Plan', 'guide', 'https://www.cisa.gov/sites/default/files/2023-10/Empowering%20SMBs%20-%20A%20Resource%20Guide%20For%20Developing%20A%20Resilient%20SCRM%20Plan_508_0.pdf'),
        ('33da2bae-8fd3-4ca9-868f-6b8b2553ef31', 'When choosing a vendor, it''s important to keep security in mind. Watch this video to learn how to evaluate a vendor''s trustworthiness.', 'Evaluating Vendor and Supplier Trustworthiness', 'video', 'https://www.youtube.com/watch?v=bf_M_47BNkw'),
        ('03457f4d-6614-4c55-8b1e-f566accdaf33', 'To get started making an Incident Response plan, check out CISA''s free on-demand webinar "Incident Response and Awareness Training"', 'Incident Response Webinar', 'training', 'https://www.cisa.gov/resources-tools/training/incident-response-and-awareness-training'),
        ('629b7919-c172-4723-ae27-4fb813f7e194', 'CISA offers a wide portfolio of downloadable Tabletop Exercise Packages (CTEPs) to serve as an off-the-shelf solution for a variety of stakeholders'' exercise needs', 'Tabletop Exercise Packages', 'service', 'https://www.cisa.gov/resources-tools/services/cisa-tabletop-exercise-packages'),
        ('a0c3167c-3f09-4d79-8e75-b3a2775aa86a', 'Save this link - The CISA Incident Reporting System provides a secure web-enabled means of reporting computer security incidents to CISA.', 'CISA''s Incident Reporting System', 'form', 'https://www.cisa.gov/forms/report'),
        ('9141d432-def3-45a5-8330-61ccc8ded727', 'CISA''s Cyber Essentials Toolkit provides guidance on where to start when implementing cybersecurity best practices. Check out Chapter 2 to learn about cybersecurity and your people', 'Cyber Essentials Toolkit: Your Staff, Your Users', 'publication', 'https://www.cisa.gov/sites/default/files/publications/Cyber%2520Essentials%2520Toolkit%25202%252020200701.pdf'),
        ('aeb6ecd7-70b9-4af0-8b13-cdc189d7732c', 'CISA''s Cyber Essentials Toolkit provides guidance on where to start when implementing cybersecurity best practices. Check out Chapter 3 to learn about securing your systems.', 'Cyber Essentials Toolkit: Your System', 'publication', 'https://www.cisa.gov/sites/default/files/publications/Cyber%2520Essentials%2520Toolkit%25203%252020200806_508.pdf'),
        ('c21d1f56-65e5-4b98-8db4-a3d640d49b32', 'This Guide helps professionals develop a training plan based on their current skill level and desired career opportunities.', 'Cybersecurity Workforce Training Guide', 'guide', 'https://www.cisa.gov/sites/default/files/publications/Cybersecurity%2520Workforce%2520Training%2520Guide%25207.28.21%2520508c.pdf'),
        ('cf5c0fb5-87b3-4704-8e33-d41a0882cdf5', 'This tool continuously collects and correlates data from internet accessible devices, allowing organizations to see what is their attack surface and what they are exposing to attackers. ', 'Binary Edge', 'tool', 'https://www.binaryedge.io'),
        ('5754b89c-1e59-4f7c-a703-269c6aac4be6', 'As organizations move more and more of their IT infrastructure to the cloud, it''s important to ensure that your organization has vulnerability management in place in your virtual environment. Check out this vide from the 4th Annual National Cybersecurity Summit to learn more.', 'Cloud Vulnerability Management', 'video', 'https://www.youtube.com/watch?v=qgZ--uzIm_w'),
        ('b6c9fb76-5393-4b33-a362-48957b0ebdcf', 'CISA''s Cyber Essentials Toolkit provides guidance on where to start when implementing cybersecurity best practices. Check out this chapter to learn more about SCRM.', 'Cyber Essentials: Supply Chain Risk Management (SCRM)', 'guide', 'https://www.cisa.gov/sites/default/files/publications/ict_scrm_essentials_508.pdf'),
        ('ff26a925-cb19-4e3d-8c8f-744129771ce6', 'This guide provides recommendations on how to plan for and respond to cyber incidents.', 'Planning Considerations for Cyber Incidents: Guidance for Emergency Managers', 'resource', 'https://www.cisa.gov/resources-tools/resources/planning-considerations-cyber-incidents-guidance-emergency-managers'),
        ('0181454a-9fd9-4362-bf8d-2a4ff3685022', 'This offering is a password security auditing and password recovery tool available for many operating systems.', 'John the Ripper Password Cracker', 'tool', 'https://www.openwall.com/john/'),
        ('f63be9a8-83bf-4948-b753-7e76f8be1e38', 'Security Onion is a free and open Linux distribution for threat hunting, enterprise security monitoring, and log management.', 'Security Onion', 'tool', 'https://securityonionsolutions.com/software'),
        ('f3c14706-4ea1-4688-a28f-36781eba94aa', 'AllStar is a GitHub application for enforcing security policies and permissions.', 'Allstar', 'tool', 'https://github.com/ossf/allstar'),
        ('ed67a0b9-1bd3-47d5-80e0-e3bb7103600a', 'A password is not enough. CISA strongly recommends that individuals and organizations implement multi-factor authentication to keep your accounts and data safe. Check out CISA''s MFA Resource page to learn more.', 'CISA MFA Resources', 'resource', 'https://www.cisa.gov/MFA'),
        ('e5fe547d-dba5-460e-9354-ccedec3364a7', 'The WhiskeySAML tool automates the remote extraction of an ADFS signing certificate.', 'Secureworks WhiskeySAML', 'tool', 'https://github.com/secureworks/whiskeysamlandfriends'),
        ('e281220c-e495-4e91-83fb-80ce51f927cf', 'This tool is a username enumeration and password spraying tool aimed at Microsoft Office 365.', 'O365Spray', 'tool', 'https://github.com/0xZDH/o365spray'),
        ('6258f9e8-0f1f-4809-b1a9-0232257b58ac', 'This guide will explain the threat that current and former employees can pose to your organization and offer to steps to mitigate the risk.', 'Insider Threat Mitigation Guide', 'publication', 'https://www.cisa.gov/sites/default/files/2022-11/Insider%20Threat%20Mitigation%20Guide_Final_508.pdf'),
        ('064158ed-41a0-4201-968b-9e0e82c3c410', 'This tool is designed to help identify devices and applications. The spreadsheet can be used to track hardware, software, and sensitive information.', 'CIS Hardware and Software Asset Tracker', 'tool', 'https://www.cisa.gov/resources-tools/resources/free-cybersecurity-services-and-tools#:~:text=https%3A//www.cisecurity.org/white%2Dpapers/cis%2Dhardware%2Dand%2Dsoftware%2Dasset%2Dtracking%2Dspreadsheet/'),
        ('ebfc1fb6-a571-4208-bc72-0ee800f24977', 'This white paper from the Center for Internet Security will walk you through the process of disabling macros by default in your organization.', 'How to Disable Macros', 'guide', 'https://www.cisecurity.org/insights/white-papers/intel-insight-how-to-disable-macros'),
        ('7465a35e-c5b6-42fc-b84f-cacbd81c18d3', 'This tool helps users strengthen their security posture by evaluating their security and data attack surface; providing asset inventory and discovery; identifying misconfigurations, vulnerabilities and threats; and helping them mitigate and remediate risks.', 'Google Security Command Center', 'tool', 'https://cloud.google.com/security/products/security-command-center'),
        ('869e418e-ebcc-4a0b-a939-259a8d89298e', 'Read this blog from CISA to learn about how to protect your portable devices.', 'Protecting Portable Devices', 'article', 'https://www.cisa.gov/news-events/news/protecting-portable-devices-data-security'),
        ('f45eb5ae-a82c-4e0d-bfe7-523281ed98d2', 'This video from Microsoft explains how to use Microsoft Vizio to create a network diagram', 'Create a Network Diagram', 'video', 'https://support.microsoft.com/en-us/office/video-create-a-network-diagram-a2360cd9-5c9d-4839-b4f6-17b485e02262'),
        ('71fa870b-bede-4bf7-adff-7be0abe7d14a', 'This toolset allows enterprise security administrators to download, analyze, test, edit and store Microsoft-recommended security configuration baselines for Windows and other Microsoft products, while comparing them against other security configurations. ', 'Microsoft Security Compliance Toolkit 1.0', 'tool', 'https://www.microsoft.com/en-us/download/details.aspx?id=55319'),
        ('2b6bb749-ad88-4ef6-a01f-dc8cf8f7603a', 'Watch this webinar to learn about the importance of logging and how logs can be used in incident analysis and response.', 'Introduction to Investigating Logs for Incidents', 'video', 'https://www.youtube.com/watch?v=pAE4hHdBI4Q'),
        ('f3b7abf2-3b2d-4ce6-a1ac-ef2e8d288c10', 'Visit Carnegie Mellon University''s Software Engineering Institute Blog for an article on Network Segmentation concepts.', 'Network Segmentation: Concepts and Practices', 'blog', 'https://insights.sei.cmu.edu/blog/network-segmentation-concepts-and-practices/'),
        ('a5d1b0fb-6021-4f43-b0d8-a7ed4ddc3a31', 'This tool encrypts Microsoft Windows systems.', 'BitLocker for Microsoft Windows', 'tool', 'https://learn.microsoft.com/en-us/windows/security/operating-system-security/data-protection/bitlocker/install-server'),
        ('54c3236a-f307-490f-aadd-b2ab0d25c7b7', 'SSL (Secure Socket Layer) is the standard security technology for establishing an encrypted link between a web server and a browser. Cloudflare allows any internet property to use SSL with the click of a button.', 'Cloudflare Universal Secure Socket Layer Certificate', 'service', 'https://www.cloudflare.com/plans/free/'),
        ('a7c51b93-3c27-4360-be7d-b1053c68bad8', 'Perception Point.     Perception Point''s Free Email Security Plan, protects organizations from any threat entering organization via email and other collaboration channels. ', 'Perception Point', 'service', 'https://perception-point.io/advanced-email-security-contact-us/'),
        ('5e226cb2-4d87-43a4-b770-ca97a75df59f', 'This tool protects and detects endpoint threats, including file-based and fileless malware. Built into Windows 10 and 11 and in versions of Windows Server.', 'Microsoft Defender Antivirus', 'tool', 'https://learn.microsoft.com/en-us/microsoft-365/security/defender-endpoint/microsoft-defender-antivirus-windows?view=o365-worldwide'),
        ('6e23c41c-a577-4028-832a-90858e38af80', 'CISA''s Cyber Essentials is a guide for leaders of small organizations to develop an actionable understanding of where to start implementing organizational cybersecurity practices.', 'CISA Cyber Essentials Starter Kit', 'guide', 'https://www.cisa.gov/sites/default/files/publications/Cyber%2520Essentials%2520Starter%2520Kit_03.12.2021_508_0.pdf'),
        ('6a7065cd-29cb-4853-b992-41a26d1fb9c2', 'You can find plenty of documents providing basic cybersecurity guidance for your employees at cisa.gov, including this article detailing Anti-phishing guidance for your organizaiton.', 'Stopping the Attack Cycle at Phase One', 'article', 'https://www.cisa.gov/sites/default/files/2023-10/Phishing%20Guidance%20-%20Stopping%20the%20Attack%20Cycle%20at%20Phase%20One_508c.pdf'),
        ('ccd2590d-8049-4ea5-a4a5-79ced5172371', 'Many software updates are created to fix security risks, so it''s important to keep your software up to date, as this blog article will explain.', 'Understanding Patches and Software Updates', 'blog', 'https://www.cisa.gov/news-events/news/understanding-patches-and-software-updates'),
        ('b4a81942-08a0-4120-b25c-7e8e5ade1e34', 'Visit https://securitytxt.org/ to learn about how you can create your owen security.txt file.', 'securitytxt.org', 'tool', 'https://securitytxt.org'),
        ('85b2799b-121a-41b4-9cdc-b5dde9aa4ab5', 'CISA offers a wide portfolio of downloadable Tabletop Exercise Packages (CTEPs) to serve as an off-the-shelf solution for a variety of stakeholders'' exercise needs', 'Stakeholder Exercises', 'service', 'https://www.cisa.gov/resources-tools/services/stakeholder-exercises'),
        ('3237c121-3483-475e-a6c7-1725a1253a2d', 'This free online course is available to the public and will explain how to get started with Supply Chain Risk Management', 'Cyber Supply Chain Risk Management for the Public', 'course', 'https://fedvte.usalearning.gov/publiccourses/cscrm/index.htm'),
        ('3f50f3f4-d926-4bfa-b739-7b77fc50b0fe', 'This handbook provides an overview of the highest supply chain risk categories commonly faced by ICT small and medium-sized businesses (SMBs).', 'Securing Small and Medium-Sized Business (SMB) Supply Chains: A Resource Handbook', 'handbook', 'https://www.cisa.gov/sites/default/files/2023-01/Securing-SMB-Supply-Chains_Resource-Handbook_508.pdf'),
        ('b48856ba-7637-4ab1-a2dd-5ea7d5b6563e', 'Security Scorecards is a collection of security health metrics for open source, allowing users to evaluate the security practices of an open source package before use.', 'OpenSSF: Scorecards', 'tool', 'https://github.com/ossf/scorecard'),
        ('48b8cec3-4eda-4855-87ff-6ed5da876a98', 'The The Cyber Resilience Review Resource Guide for Incident Management has an Incident Reponse Plan Template that you can use to start drafting an IRP for your organization.', 'CRR Supplemental Resource Guide, Volume 5: Incident Management - Appendix A: Template', 'publication', 'https://www.cisa.gov/sites/default/files/c3vp/crr_resources_guides/CRR_Resource_Guide-IM.pdf'),
        ('b2454312-e83b-4d5f-be25-b42fc167030f', 'Check out this fact sheet for some tips on creating and running your own tabletop exercises.', 'Cybersecurity Tabletop Exercise Tips ', 'publication', 'https://www.cisa.gov/sites/default/files/publications/Cybersecurity-Tabletop-Exercise-Tips_508c.pdf'),
        ('19022566-643a-49ba-826c-e277cce126ad', 'This document provides guidance on incident reporting requirements.', 'Federal Incident Notification Guidelines', 'publication', 'https://www.cisa.gov/sites/default/files/publications/Federal_Incident_Notification_Guidelines.pdf'),
        ('e30a9544-e8c6-4d67-b05b-9d54632d4f72', 'This tool sets up automatic backups of Windows 10 and 11 operating systems.', 'Windows Auto Backup', 'tool', 'https://support.microsoft.com/en-us/windows/back-up-your-windows-pc-87a81f8a-78fa-456e-b521-ac0560e32338');

insert into question_resources_resource ("questionId", "resourceId")
values  ('783fcdfb-62b5-4504-af6d-8149f51a212c', '3bd16e73-3d36-44b6-a18d-9dddd1eff04c'),
        ('aeddc61b-85b9-4830-8929-f33bdda6520e', '06434aab-90c6-4157-96fb-c93cae6d9b6c'),
        ('afc5d75e-b275-44dd-b9a5-bd76d3d757c5', '81a3f49a-ef0a-4e50-ba62-4f7b27ebf9dc'),
        ('78d7b1d1-41d9-404a-be82-6f0ff2a5368b', '75148f9e-9220-4de4-8f45-f908c7793ad3'),
        ('9753c638-b919-4372-ab18-0be75c71aaa1', '9c16ead9-b896-455c-a027-9cf03f3f26a0'),
        ('9753c638-b919-4372-ab18-0be75c71aaa1', '9141d432-def3-45a5-8330-61ccc8ded727'),
        ('ece62708-d510-4b7d-8c58-81db3ad64359', '9c16ead9-b896-455c-a027-9cf03f3f26a0'),
        ('ece62708-d510-4b7d-8c58-81db3ad64359', 'aeb6ecd7-70b9-4af0-8b13-cdc189d7732c'),
        ('bca23a05-be4a-4dc6-bb8b-508aa2bd15da', 'b97bd8f4-8532-4ac5-b223-2527c5cf3a7f'),
        ('bca23a05-be4a-4dc6-bb8b-508aa2bd15da', '9c16ead9-b896-455c-a027-9cf03f3f26a0'),
        ('35621090-a47f-4d51-87c2-e4789e9732dc', '653992fd-552d-410a-962d-84f9e5b7513d'),
        ('35621090-a47f-4d51-87c2-e4789e9732dc', 'c21d1f56-65e5-4b98-8db4-a3d640d49b32'),
        ('299ba8c3-8da5-4a80-8203-248ac20de2b2', 'c1e5379c-ff34-4768-b6df-2d8a5feb80da'),
        ('299ba8c3-8da5-4a80-8203-248ac20de2b2', '5754b89c-1e59-4f7c-a703-269c6aac4be6'),
        ('3ea0e865-d294-4b7c-8c03-2fa069d482ff', '1d849bea-b92b-4728-b3ef-ab4e540ab39d'),
        ('3ea0e865-d294-4b7c-8c03-2fa069d482ff', 'b6c9fb76-5393-4b33-a362-48957b0ebdcf'),
        ('b3021c18-17b5-4e5f-951a-14bc51d265d4', '08d66cf6-7f80-4a8d-935c-990b01d7928e'),
        ('b3021c18-17b5-4e5f-951a-14bc51d265d4', 'ff26a925-cb19-4e3d-8c8f-744129771ce6'),
        ('41fa9255-a610-4caf-adcd-4456ba0bee9e', '5bd2133a-d7e7-4acc-a7eb-3600d15b725c'),
        ('599a1e3d-fd3c-44d0-9e1d-af65b4568798', '06434aab-90c6-4157-96fb-c93cae6d9b6c'),
        ('599a1e3d-fd3c-44d0-9e1d-af65b4568798', '9141d432-def3-45a5-8330-61ccc8ded727'),
        ('5a7e4828-0a24-49d0-a349-f54cb8766dcb', 'ffea2967-90ce-4bb5-8cef-aa8aa604e516'),
        ('5a7e4828-0a24-49d0-a349-f54cb8766dcb', 'aeb6ecd7-70b9-4af0-8b13-cdc189d7732c'),
        ('9a9bece5-f5a6-4c81-bd8d-57413479791f', '1cf21096-55a3-40a3-b9dc-19dad8d89997'),
        ('9a9bece5-f5a6-4c81-bd8d-57413479791f', '9c16ead9-b896-455c-a027-9cf03f3f26a0'),
        ('5682cb24-6ac6-4668-b52b-9cd828edd793', 'b1959a8f-42e8-43a0-9a3a-3789958cad55'),
        ('5682cb24-6ac6-4668-b52b-9cd828edd793', 'c21d1f56-65e5-4b98-8db4-a3d640d49b32'),
        ('10c4611b-d0b6-4526-9891-6c581dd1ba14', 'c0b5d435-713c-45d6-9c0a-d0bb408308e0'),
        ('10c4611b-d0b6-4526-9891-6c581dd1ba14', '5754b89c-1e59-4f7c-a703-269c6aac4be6'),
        ('66bdbc6d-0c99-49f2-8559-b9d4ff3c5f9d', 'b370861c-6dcd-49e6-be52-a492dc7d6512'),
        ('66bdbc6d-0c99-49f2-8559-b9d4ff3c5f9d', 'b6c9fb76-5393-4b33-a362-48957b0ebdcf'),
        ('b008d7da-0750-430a-9382-e55a4d5a54a2', '17e3a66a-c388-4cc6-9768-92289e7891df'),
        ('b008d7da-0750-430a-9382-e55a4d5a54a2', 'ff26a925-cb19-4e3d-8c8f-744129771ce6'),
        ('6e3597e4-711e-431e-af27-360a93b12075', '3bd16e73-3d36-44b6-a18d-9dddd1eff04c'),
        ('6e3597e4-711e-431e-af27-360a93b12075', '0181454a-9fd9-4362-bf8d-2a4ff3685022'),
        ('04fe1fec-17b9-4030-9d35-ddeb97c0564e', '9490f249-c22a-41d8-9d87-528bf7f6a690'),
        ('04fe1fec-17b9-4030-9d35-ddeb97c0564e', 'f63be9a8-83bf-4948-b753-7e76f8be1e38'),
        ('e03fa911-e005-40f0-91b1-89bc95a80c16', 'eef77a37-1f96-4638-bd94-6c7556993761'),
        ('e03fa911-e005-40f0-91b1-89bc95a80c16', 'f3c14706-4ea1-4688-a28f-36781eba94aa'),
        ('93367ba3-e2a9-411c-b88b-f3e6ed7bdafc', '81a3f49a-ef0a-4e50-ba62-4f7b27ebf9dc'),
        ('93367ba3-e2a9-411c-b88b-f3e6ed7bdafc', 'ed67a0b9-1bd3-47d5-80e0-e3bb7103600a'),
        ('d47d291e-e6c1-4218-8bc0-3208634eeaa7', '960ecfdb-9fb0-4ade-a0e2-0dce6d66b18c'),
        ('d47d291e-e6c1-4218-8bc0-3208634eeaa7', 'e5fe547d-dba5-460e-9354-ccedec3364a7'),
        ('dc9feb97-cf15-42bf-9fbb-331ab912999d', '3bd16e73-3d36-44b6-a18d-9dddd1eff04c'),
        ('dc9feb97-cf15-42bf-9fbb-331ab912999d', 'e281220c-e495-4e91-83fb-80ce51f927cf'),
        ('76178578-a6bd-4f59-ba8c-d97a2e69b125', '4538c026-6bc7-4e79-801d-263a371acb41'),
        ('76178578-a6bd-4f59-ba8c-d97a2e69b125', '6258f9e8-0f1f-4809-b1a9-0232257b58ac'),
        ('94a69ee0-c1a7-4a71-bf48-0a1be3a64f05', '6b23fce8-7806-4f0a-ae13-cd7b6a5f4442'),
        ('94a69ee0-c1a7-4a71-bf48-0a1be3a64f05', '064158ed-41a0-4201-968b-9e0e82c3c410'),
        ('b2c34302-f1f6-4259-b81e-d964f4b3ef87', '389ecd81-ddc0-4686-a4f9-076e7192f9b6'),
        ('b2c34302-f1f6-4259-b81e-d964f4b3ef87', 'ebfc1fb6-a571-4208-bc72-0ee800f24977'),
        ('83707572-2d03-4ab2-bfc1-97688840e3ea', '8f4757aa-6581-430a-b04d-a5a1b54c6cf4'),
        ('83707572-2d03-4ab2-bfc1-97688840e3ea', '7465a35e-c5b6-42fc-b84f-cacbd81c18d3'),
        ('b7ca1804-47da-48ae-a6c4-cefc6efdf7b9', 'b97bd8f4-8532-4ac5-b223-2527c5cf3a7f'),
        ('b7ca1804-47da-48ae-a6c4-cefc6efdf7b9', '869e418e-ebcc-4a0b-a939-259a8d89298e'),
        ('36ffd0b8-2bdf-444f-bc5a-0d30297a1f01', '31f4bd54-9244-4980-9b32-3dd14a8a3bca'),
        ('36ffd0b8-2bdf-444f-bc5a-0d30297a1f01', 'f45eb5ae-a82c-4e0d-bfe7-523281ed98d2'),
        ('5945ebd9-aa61-4ec5-bd0b-29f94d34092d', 'f97f5642-99fa-4d3e-a054-9e5c68c415a1'),
        ('5945ebd9-aa61-4ec5-bd0b-29f94d34092d', '71fa870b-bede-4bf7-adff-7be0abe7d14a'),
        ('1d6c432e-e4e8-4458-a912-052da05ae1f9', '9490f249-c22a-41d8-9d87-528bf7f6a690'),
        ('1d6c432e-e4e8-4458-a912-052da05ae1f9', '2b6bb749-ad88-4ef6-a01f-dc8cf8f7603a'),
        ('2c1c2e6c-c53b-420c-87a9-e60c00ff604f', '14d63cd4-6157-45d3-8ca3-f641221d4d77'),
        ('2c1c2e6c-c53b-420c-87a9-e60c00ff604f', 'f63be9a8-83bf-4948-b753-7e76f8be1e38'),
        ('1487b350-4b57-4127-8e62-73dd10d16f52', '198b038a-7da0-4514-a250-720895f96065'),
        ('1487b350-4b57-4127-8e62-73dd10d16f52', 'f3b7abf2-3b2d-4ce6-a1ac-ef2e8d288c10'),
        ('d81fba8b-88e8-46f8-a5ed-e07a278dfd47', 'a4d88d71-0800-4ff0-a72b-ff66f66ebfcc'),
        ('d81fba8b-88e8-46f8-a5ed-e07a278dfd47', 'a5d1b0fb-6021-4f43-b0d8-a7ed4ddc3a31'),
        ('5fc2f8b9-82a9-43f2-8861-ff1bcdc92780', 'e1b18c39-dba1-49a1-aafa-35d13560c454'),
        ('5fc2f8b9-82a9-43f2-8861-ff1bcdc92780', '54c3236a-f307-490f-aadd-b2ab0d25c7b7'),
        ('89c5e523-68a7-4eb0-b3d6-15b27cc0c348', 'f2a94060-613f-423d-aec8-48e5dd671e80'),
        ('89c5e523-68a7-4eb0-b3d6-15b27cc0c348', 'a7c51b93-3c27-4360-be7d-b1053c68bad8'),
        ('a01e2213-4488-41f5-beb3-a4cea95ab438', 'b511cf00-46ff-49c8-aaf9-2e9588038e7e'),
        ('a01e2213-4488-41f5-beb3-a4cea95ab438', '5e226cb2-4d87-43a4-b770-ca97a75df59f'),
        ('bcb54184-fdef-4e93-a692-fee364d90ff5', 'df562882-5e57-448b-9791-65b83683be95'),
        ('bcb54184-fdef-4e93-a692-fee364d90ff5', '6e23c41c-a577-4028-832a-90858e38af80'),
        ('98c335b1-6058-44de-bf88-c9f7761492b7', 'ac7ee2fc-8af1-4224-a6be-6e1ffa98cf22'),
        ('98c335b1-6058-44de-bf88-c9f7761492b7', '6a7065cd-29cb-4853-b992-41a26d1fb9c2'),
        ('108b8a5f-c49a-425c-8751-b3c46fdbd046', '4972099d-5e10-409c-98b1-604a3b01f268'),
        ('108b8a5f-c49a-425c-8751-b3c46fdbd046', 'c21d1f56-65e5-4b98-8db4-a3d640d49b32'),
        ('fd21a62b-a9e0-4580-abfb-202896d1bcab', 'ad66cdb5-0b7c-4514-9c20-7720857ee805'),
        ('fd21a62b-a9e0-4580-abfb-202896d1bcab', 'ccd2590d-8049-4ea5-a4a5-79ced5172371'),
        ('aa67c5e9-18be-403c-80eb-cb948111e193', 'b1108848-c4ce-4a92-ba62-7e4f4ba4760d'),
        ('aa67c5e9-18be-403c-80eb-cb948111e193', 'b4a81942-08a0-4120-b25c-7e8e5ade1e34'),
        ('d00166fb-dc43-46cb-9451-1bc94b458f65', 'ebc559d0-b3cd-4d4a-af54-0a30b2bb407d'),
        ('d00166fb-dc43-46cb-9451-1bc94b458f65', 'cf5c0fb5-87b3-4704-8e33-d41a0882cdf5'),
        ('62436990-569b-4d90-9399-96d4b7d738cf', '5b99e677-2d33-4b44-9b8e-c7f934f22dfc'),
        ('62436990-569b-4d90-9399-96d4b7d738cf', 'ebc559d0-b3cd-4d4a-af54-0a30b2bb407d'),
        ('36ce99c6-e0b7-4eb3-aba0-5146e36e3b2e', '77b6a744-18df-473a-9f3f-df631bfd35f2'),
        ('36ce99c6-e0b7-4eb3-aba0-5146e36e3b2e', '85b2799b-121a-41b4-9cdc-b5dde9aa4ab5'),
        ('2204f206-badd-4a63-b6ae-2cdea0c59281', '9496ae64-a746-4356-a628-4e686b71b975'),
        ('2204f206-badd-4a63-b6ae-2cdea0c59281', '3237c121-3483-475e-a6c7-1725a1253a2d'),
        ('58fc7484-a7c0-4466-96b3-e3002f75d462', '4265d328-b69e-474f-b0df-73d8fa3d0eac'),
        ('58fc7484-a7c0-4466-96b3-e3002f75d462', '3f50f3f4-d926-4bfa-b739-7b77fc50b0fe'),
        ('039788ab-787b-465f-938a-2e39a0bc6e98', '33da2bae-8fd3-4ca9-868f-6b8b2553ef31'),
        ('039788ab-787b-465f-938a-2e39a0bc6e98', 'b48856ba-7637-4ab1-a2dd-5ea7d5b6563e'),
        ('dab23aeb-7d5c-49a8-b008-70f847e0e3ad', '03457f4d-6614-4c55-8b1e-f566accdaf33'),
        ('dab23aeb-7d5c-49a8-b008-70f847e0e3ad', '48b8cec3-4eda-4855-87ff-6ed5da876a98'),
        ('e9c0cc1c-cc28-4486-ad3a-b3e07c1cdab1', '629b7919-c172-4723-ae27-4fb813f7e194'),
        ('e9c0cc1c-cc28-4486-ad3a-b3e07c1cdab1', 'b2454312-e83b-4d5f-be25-b42fc167030f'),
        ('eef28548-05d4-4488-a995-ec91c3cf5def', 'a0c3167c-3f09-4d79-8e75-b3a2775aa86a'),
        ('eef28548-05d4-4488-a995-ec91c3cf5def', '19022566-643a-49ba-826c-e277cce126ad'),
        ('556da22e-042f-4604-9d48-c166b7020fa3', '75148f9e-9220-4de4-8f45-f908c7793ad3'),
        ('556da22e-042f-4604-9d48-c166b7020fa3', 'e30a9544-e8c6-4d67-b05b-9d54632d4f72');
